{
  "pearson": 0.4461505865448128,
  "spearman": 0.5590806290513489,
  "rmse": 0.8138351474402955,
  "mae": 0.6600670218467712,
  "R2": 0.1357073187828064,
  "n": 15
}