{
  "pearson": -0.4426237436687917,
  "spearman": -0.49642857142857144,
  "rmse": 1.1267678358055706,
  "mae": 0.8657563328742981,
  "R2": -0.6552376747131348,
  "n": 15
}