{
  "pearson": -0.36630829738201187,
  "spearman": -0.6071428571428571,
  "rmse": 1.1038370660158803,
  "mae": 0.9247398972511292,
  "R2": -0.4765256643295288,
  "n": 15
}