{
  "pearson": 0.2662009253907159,
  "spearman": 0.1880806517183576,
  "rmse": 1.0269171115368976,
  "mae": 0.8509715795516968,
  "R2": 0.026894867420196533,
  "n": 16
}