{
  "pearson": -0.7876391265262941,
  "spearman": -0.7857142857142857,
  "rmse": 1.4453782350180155,
  "mae": 1.3332493305206299,
  "R2": -1.0891180038452148,
  "n": 15
}