{
  "pearson": -0.21945808171567643,
  "spearman": -0.26785714285714285,
  "rmse": 1.1808043996801312,
  "mae": 0.9885111451148987,
  "R2": -0.5587043762207031,
  "n": 15
}